{"cameraMode":{"drawMode":0,"name":"Shaded","section":"Shading Mode"},"sceneLighting":false,"audioPlay":false,"sceneViewState":{"showFog":true,"showMaterialUpdate":false,"showSkybox":true,"showFlares":true,"showImageEffects":true,"showParticleSystems":true},"in2DMode":false,"pivot":{"x":126.1973876953125,"y":204.54124450683595,"z":-5.656830310821533},"rotation":{"x":-0.2553061246871948,"y":0.20461562275886537,"z":-0.05537739023566246,"w":-0.9433369636535645},"size":22.0,"orthographic":false}