{"cameraMode":{"drawMode":0,"name":"Shaded","section":"Shading Mode"},"sceneLighting":true,"audioPlay":false,"sceneViewState":{"showFog":true,"showMaterialUpdate":false,"showSkybox":true,"showFlares":true,"showImageEffects":true,"showParticleSystems":true},"in2DMode":false,"pivot":{"x":-66.05880737304688,"y":-16.681060791015626,"z":0.376434326171875},"rotation":{"x":-0.21459907293319703,"y":0.1145545095205307,"z":-0.025353193283081056,"w":-0.9696297645568848},"size":1509.9576416015625,"orthographic":false}